,EDA,rise_time,max_deriv,amp,decay_time,SCR_width,AUC
2019-05-20 02:08:09.625000,1.67705431979,2.25,2.07255892047,1.55903914155,1.75,2.25,3.50783806849
