,EDA,rise_time,max_deriv,amp,decay_time,SCR_width,AUC
2019-05-21 00:18:07,0.305451189323,2.875,0.0710048940486,0.114807199254,3.875,5.25,0.602737796082
